id,FirstName,LastName,username,address,city,state,zip,phone,email,lastmodified
1,John,Lewis,simplisticimpulse,55489 Center Street,Wardtown,Virginia,23482,628-240-9369,johnrlewis@hotmail.com,3/25/2024
2,Daniel,Barnes,complexroof,391 13th Street,Saint Benedict,Louisiana,70457,979-087-2446,daniel_john_barnes60@ymail.com,3/13/2024
3,Jeremy,Hernandez,learnednoise,5252 River Road,Torrance,Pennsylvania,15779,504-531-4959,jlhernandez@hotmail.com,3/11/2024
4,Melissa,Kelly,festivetheory,86 Brookside Drive,Rockwood,Illinois,62280,931-259-4429,melissarkelly@ymail.com,3/9/2024
5,Rebecca,Anderson,richice,7581 Wood Street,Greenville,Texas,75401,573-891-1356,r.anderson@hotmail.com,3/6/2024
6,Audrey,Cook,defiantdegree,25208 Ridge Road,Herald,Illinois,62845,816-046-5157,audrey@gmail.com,2/23/2024
7,Katherine,Mitchell,stronghook,74243 Washington Avenue,Chataignier,Louisiana,70524,504-506-2158,k_mitchell@gmail.com,2/19/2024
8,David,Morgan,jazzyearth,7529 Ridge Avenue,Lester,Iowa,51242,423-097-5426,d_morgan@gmail.com,2/18/2024
9,Erin,Rogers,learnedjeans,4523 Church Road,New York,New York,10280,585-523-5826,erin.rogers@yahoo.com,2/1/2024
10,Joshua,Bailey,clutteredsnow,6754 Willow Street,Danville,West Virginia,25053,802-532-4912,jgbailey@hotmail.com,1/20/2024
11,Charlotte,Phillips,animatedtray,9 5th Avenue,Sadler,Texas,76264,801-284-6013,c.l.phillips@outlook.com,1/13/2024
12,Layla,Harris,typicalhorn,21495 5th Avenue,Southern Pines,North Carolina,28387,985-248-4790,layla.harris@gmail.com,1/10/2024
13,Abigail,White,magentaaccount,35 Elizabeth Street,Winifred,Montana,59489,540-699-5378,abigail.white@gmail.com,1/7/2024
14,Evelyn,Hill,defiantcherry,893 13th Street,San Diego,California,92179,601-032-2917,evelynhill@rocketmail.com,1/1/2024
15,Abigail,Price,roastedshade,205 Pennsylvania Avenue,Strongstown,Pennsylvania,15957,317-767-7899,abigail_michelle@live.com,12/17/2023
16,Maria,Butler,unknownhammer,78248 Wood Street,Smiths Creek,Michigan,48074,207-560-5683,m_m_butler@hotmail.com,12/13/2023
17,Layla,Wood,dulljeans,3884 High Street,Denton,Texas,76203,669-191-2625,layla.wood@hotmail.com,12/4/2023
18,Jose,Collins,overtnotebook,3662 5th Street,Exmore,Virginia,23350,859-730-0215,jcollins@gmail.com,11/20/2023
19,Mateo,Henderson,crazyroof,671 Delaware Avenue,Grand Forks,North Dakota,58203,203-988-4912,mhenderson53@rocketmail.com,11/15/2023
20,Richard,Young,calculatingocean,19 1st Street,Pittston,Pennsylvania,18641,908-157-8597,r.a.young@live.com,11/12/2023
21,Isaac,Howard,zestymailbox,220 Myrtle Avenue,Evergreen,Colorado,80439,405-176-2974,isaac.howard11@gmail.com,11/11/2023
22,Gabriel,Harris,simplerailway,41458 Myrtle Avenue,Carterville,Illinois,62918,913-932-1741,gabriel.r@aol.com,10/23/2023
23,Steven,Lee,frightenedocean,62949 Route 32,Imbler,Oregon,97841,385-379-6506,s_lee@yahoo.com,10/20/2023
24,Daniel,Taylor,tenderbadge,9543 10th Street,Monroeville,Indiana,46773,567-133-1261,daniel.taylor@live.com,10/14/2023
25,Heather,Watson,woodencontrol,666 Sherwood Drive,University,Mississippi,38677,307-044-4165,h_r_watson@aol.com,10/7/2023
